,SYMBOL,Date,Series,Prev Close,Open,High,Low,Last,Close,VWAP,Volume,Turnover,Trades,Deliverable Volume,%Deliverble,Descripency Detail,Descripency,V AVERAGE
2,TATAMOTORS,2021-10-29,EQ,481.05,482.0,491.6,467.7,484.45,483.7,483.64,31054342,1501916585380000.0,338095,4831179,15.560000000000002,"Vol Up, Delivery Down",1,0.639
3,TATAMOTORS,2021-11-01,EQ,483.7,486.45,489.7,469.8,486.4,485.7,481.98,34315690,1653953264770000.0,394769,4506728,13.13,"Vol Up, Delivery Down",1,0.639
0,TATASTEEL,2021-10-29,EQ,1299.6,1290.25,1333.7,1290.0,1317.65,1315.95,1318.31,7914760,1043414152965000.0,203572,2660140,33.61,"Vol Up, Delivery Down",1,0.516
1,TATASTEEL,2021-11-01,EQ,1315.95,1340.0,1372.9,1330.0,1362.0,1364.9,1357.99,9687533,1315555155155000.0,219727,2574953,26.58,"Vol Up, Delivery Down",1,0.516
4,JSWSTEEL,2021-10-29,EQ,667.45,670.0,684.8,663.0,672.5,669.15,673.84,3612552,243428382150000.0,71599,860634,23.82,"Vol Down, Delivery Up",1,0.483
5,JSWSTEEL,2021-11-01,EQ,669.15,680.0,690.75,672.5,687.7,688.95,684.55,3234840,221439892270000.0,65591,975063,30.14,"Vol Down, Delivery Up",1,0.483
10,BPCL,2021-10-29,EQ,420.8,419.0,425.0,413.6,419.3,417.7,419.05,6037509,253002773185000.0,101024,2266616,37.54,"Vol Down, Delivery Up",1,0.403
11,BPCL,2021-11-01,EQ,417.7,428.0,428.0,419.9,422.7,421.65,422.32,5826200,246050139810000.0,99655,2829856,48.57,"Vol Down, Delivery Up",1,0.403
8,GRASIM,2021-10-29,EQ,1702.4,1705.0,1742.5,1675.45,1726.9,1721.1,1715.75,1152110,197673512585000.0,40955,456184,39.6,"Vol Up, Delivery Down",1,0.382
9,GRASIM,2021-11-01,EQ,1721.1,1722.0,1795.85,1719.2,1785.0,1789.0,1771.63,1410919,249961953310000.0,60779,421329,29.86,"Vol Up, Delivery Down",1,0.382
6,ITC,2021-10-29,EQ,225.1,225.0,228.25,222.3,223.45,223.2,225.09,26642108,599679962785000.0,209691,12629129,47.4,"Vol Down, Delivery Up",1,0.331
7,ITC,2021-11-01,EQ,223.2,224.15,227.55,222.5,226.8,226.85,224.82,23197539,521517112870000.0,136114,14254678,61.45,"Vol Down, Delivery Up",1,0.331
56,INDUSINDBK,2021-10-29,EQ,1176.0,1166.95,1182.0,1123.6,1142.3,1140.2,1150.7,5112475,588293829380000.0,124171,1001926,19.6,-,0,0.623
57,INDUSINDBK,2021-11-01,EQ,1140.2,1158.0,1235.0,1146.05,1226.0,1229.1,1207.96,10563295,1276008747775000.0,223872,2734502,25.89,-,0,0.623
62,HINDALCO,2021-10-29,EQ,468.8,469.45,474.2,456.65,463.9,459.8,466.71,8306338,387665694945000.0,83623,2527169,30.42,-,0,0.542
63,HINDALCO,2021-11-01,EQ,459.8,463.8,481.1,463.35,480.35,478.15,473.7,7466267,353673725945000.0,101772,1514981,20.29,-,0,0.542
88,BAJFINANCE,2021-10-29,EQ,7484.25,7480.0,7549.7,7313.05,7418.95,7400.2,7451.05,948334,706608388615000.0,93227,210766,22.22,-,0,0.495
89,BAJFINANCE,2021-11-01,EQ,7400.2,7430.0,7500.2,7220.0,7416.0,7413.95,7372.17,1037314,764725338515000.0,107676,238958,23.04,-,0,0.495
90,BAJAJFINSV,2021-10-29,EQ,17987.7,17987.7,18174.0,17139.55,17860.0,17821.15,17848.44,320536,572106906840000.0,68932,38667,12.06,-,0,0.484
91,BAJAJFINSV,2021-11-01,EQ,17821.15,17900.0,17980.0,17171.0,17535.0,17565.7,17486.68,384929,673113049335000.0,75129,74601,19.38,-,0,0.484
98,ADANIPORTS,2021-10-29,EQ,688.1,697.0,709.6,687.0,695.0,693.0,698.73,7612968,531942471270000.0,136538,1492567,19.61,-,0,0.481
99,ADANIPORTS,2021-11-01,EQ,693.0,705.0,707.0,690.0,706.95,704.4,699.45,3233662,226178531240000.0,65929,1041693,32.21,-,0,0.481
94,AXISBANK,2021-10-29,EQ,758.35,762.0,762.0,714.0,745.0,742.0,747.04,21343427,1594434587005000.0,374607,10191580,47.75,-,0,0.48
95,AXISBANK,2021-11-01,EQ,742.0,755.0,760.0,740.0,755.0,752.35,750.03,11694854,877150083679999.9,430242,6774991,57.93000000000001,-,0,0.48
38,ONGC,2021-10-29,EQ,150.2,149.9,151.85,146.0,150.0,149.05,148.89,18736450,278964741720000.0,107527,8256466,44.07,-,0,0.477
39,ONGC,2021-11-01,EQ,149.05,150.0,153.6,148.4,153.05,153.15,151.2,11444653,173045817810000.0,67972,4884867,42.68,-,0,0.477
14,UPL,2021-10-29,EQ,729.9,735.9,746.0,716.55,745.5,740.2,736.32,3448037,253884411825000.0,68632,1396475,40.5,-,0,0.47
15,UPL,2021-11-01,EQ,740.2,745.0,745.0,700.0,720.75,720.05,714.75,5953165,425501754825000.0,110080,1630052,27.38,-,0,0.47
58,ICICIBANK,2021-10-29,EQ,798.7,798.0,808.75,783.9,806.5,802.05,799.49,15701200,1255292536500000.0,270217,7200394,45.86,-,0,0.444
59,ICICIBANK,2021-11-01,EQ,802.05,807.7,809.7,793.0,805.95,803.9,801.26,11406421,913950303860000.0,256061,6351045,55.67999999999999,-,0,0.444
30,SBIN,2021-10-29,EQ,501.35,501.5,512.65,488.4,504.0,502.15,502.7,31355893,1576255597195000.0,374125,10689375,34.09,-,0,0.439
31,SBIN,2021-11-01,EQ,502.15,508.5,516.95,501.0,515.3,515.7,509.46,20679604,1053544017985000.0,232409,7903086,38.22,-,0,0.439
46,M&M,2021-10-29,EQ,883.85,883.5,901.5,862.0,885.0,884.25,886.66,2482056,220074689640000.0,81836,1192464,48.04,-,0,0.417
47,M&M,2021-11-01,EQ,884.25,884.25,887.9,860.4,871.55,870.35,872.85,4146270,361908867060000.0,122748,2172915,52.41,-,0,0.417
80,COALINDIA,2021-10-29,EQ,166.55,165.0,169.5,163.3,164.7,164.45,166.19,14826816,246401902190000.0,86301,5993583,40.42,-,0,0.398
81,COALINDIA,2021-11-01,EQ,164.45,165.0,171.95,163.8,170.35,170.75,167.36,13585170,227364579545000.0,78060,5421092,39.900000000000006,-,0,0.398
86,BHARTIARTL,2021-10-29,EQ,689.75,692.2,701.0,677.05,685.8,685.35,690.24,8602343,593769330370000.0,136950,4468442,51.94,-,0,0.394
87,BHARTIARTL,2021-11-01,EQ,685.35,689.95,722.8,689.6,714.2,712.5,711.57,17121001,1218283490940000.0,222155,7162759,41.84,-,0,0.394
74,EICHERMOT,2021-10-29,EQ,2527.5,2530.0,2530.0,2471.55,2488.0,2484.8,2495.57,1628906,406504236390000.0,71628,1023056,62.81,-,0,0.391
75,EICHERMOT,2021-11-01,EQ,2484.8,2490.0,2567.05,2478.1,2557.05,2560.0,2524.46,1071806,270573180125000.0,71628,543250,50.690000000000005,-,0,0.391
18,TITAN,2021-10-29,EQ,2375.15,2400.0,2404.0,2346.55,2395.0,2383.55,2387.1,1450019,346133594270000.0,91730,642971,44.34,-,0,0.389
19,TITAN,2021-11-01,EQ,2383.55,2441.45,2441.45,2390.35,2407.8,2406.3,2407.82,1276469,307351340030000.0,92131,624149,48.9,-,0,0.389
50,KOTAKBANK,2021-10-29,EQ,2098.5,2077.55,2096.95,2015.0,2042.0,2031.15,2048.76,4666345,956022668070000.0,156067,2668064,57.18,-,0,0.386
51,KOTAKBANK,2021-11-01,EQ,2031.15,2055.0,2086.8,2034.8,2084.5,2076.5,2060.82,1966588,405278874880000.0,138223,876426,44.57,-,0,0.386
20,TECHM,2021-10-29,EQ,1533.3,1527.35,1542.75,1467.8,1480.0,1477.85,1507.77,3795495,572272726745000.0,160654,1844703,48.6,-,0,0.383
21,TECHM,2021-11-01,EQ,1477.85,1490.0,1529.9,1487.05,1523.9,1522.15,1507.27,2271900,342436934835000.0,90721,829750,36.52,-,0,0.383
70,HDFC,2021-10-29,EQ,2900.8,2891.0,2893.0,2791.2,2841.5,2844.7,2844.74,3830779,1089758376625000.0,162268,2441876,63.74000000000001,-,0,0.383
71,HDFC,2021-11-01,EQ,2844.7,2873.0,2947.9,2838.05,2890.0,2887.95,2880.47,4951039,1426132007060000.0,254154,2901531,58.60000000000001,-,0,0.383
24,TATACONSUM,2021-10-29,EQ,809.7,807.0,818.5,794.15,812.0,809.5,808.69,2220844,179598442275000.0,56127,1045027,47.06,-,0,0.378
25,TATACONSUM,2021-11-01,EQ,809.5,821.5,830.0,806.0,826.0,824.9,820.72,1552830,127443745534999.98,60715,579044,37.29,-,0,0.378
12,WIPRO,2021-10-29,EQ,656.9,658.25,659.4,644.25,647.5,646.75,650.35,6761317,439723976480000.0,150671,3315111,49.03,-,0,0.374
13,WIPRO,2021-11-01,EQ,646.75,651.1,656.95,647.5,654.3,655.45,652.23,4401233,287060284225000.0,96834,2022049,45.94,-,0,0.374
28,SHREECEM,2021-10-29,EQ,28193.05,28395.7,29000.0,27705.0,28600.0,28635.25,28610.88,35291,100970658020000.0,14712,11299,32.02,-,0,0.368
29,SHREECEM,2021-11-01,EQ,28635.25,28800.0,29600.0,28600.0,29175.0,29145.75,29137.93,55692,162274947155000.0,21156,17762,31.89,-,0,0.368
44,MARUTI,2021-10-29,EQ,7369.7,7350.0,7550.0,7294.85,7456.05,7482.4,7484.02,819875,613595922880000.0,88409,440283,53.7,-,0,0.368
45,MARUTI,2021-11-01,EQ,7482.4,7401.0,7666.0,7401.0,7602.65,7615.55,7580.31,1005690,762343801725000.0,74955,651868,64.82,-,0,0.368
34,RELIANCE,2021-10-29,EQ,2598.6,2596.15,2596.15,2501.7,2540.0,2536.25,2548.04,6568539,1673689352225000.0,277855,3111491,47.370000000000005,-,0,0.365
35,RELIANCE,2021-11-01,EQ,2536.25,2536.25,2556.0,2494.1,2538.1,2537.8,2523.59,7144532,1802988509790000.0,273829,4144630,58.01,-,0,0.365
66,HDFCLIFE,2021-10-29,EQ,683.1,682.5,689.0,675.5,682.65,680.45,681.7,2021722,137821592659999.98,81802,1133215,56.05,-,0,0.364
67,HDFCLIFE,2021-11-01,EQ,680.45,680.45,693.45,680.35,689.5,689.8,688.5,1575508,108472977984999.98,58182,894791,56.79,-,0,0.364
26,SUNPHARMA,2021-10-29,EQ,807.6,800.0,816.55,779.35,796.0,795.0,799.59,4321416,345535672870000.0,110947,1924052,44.52,-,0,0.358
27,SUNPHARMA,2021-11-01,EQ,795.0,798.95,813.85,787.0,813.1,811.8,802.41,1935341,155294491910000.0,67538,670826,34.66,-,0,0.358
32,SBILIFE,2021-10-29,EQ,1167.1,1167.1,1180.0,1142.1,1145.0,1145.55,1156.88,1518940,175723458000000.0,74754,733775,48.31,-,0,0.357
33,SBILIFE,2021-11-01,EQ,1145.55,1148.0,1173.05,1138.55,1161.2,1163.35,1159.23,972538,112739751525000.0,36315,505336,51.96000000000001,-,0,0.357
72,HCLTECH,2021-10-29,EQ,1152.0,1152.0,1173.0,1138.0,1145.0,1143.75,1155.88,3558520,411321480630000.0,127439,1752399,49.25,-,0,0.357
73,HCLTECH,2021-11-01,EQ,1143.75,1143.5,1191.45,1143.5,1189.0,1189.2,1177.09,4511112,530997785520000.0,132281,2620633,58.09000000000001,-,0,0.357
40,NTPC,2021-10-29,EQ,137.35,131.0,136.9,128.55,133.1,132.65,133.9,29217522,391215059715000.0,147316,13256265,45.37,-,0,0.354
41,NTPC,2021-11-01,EQ,132.65,133.2,135.3,130.9,134.1,134.3,133.48,10043407,134063237559999.98,67112,4222136,42.04,-,0,0.354
64,HEROMOTOCO,2021-10-29,EQ,2667.75,2681.0,2702.85,2639.0,2660.0,2657.1,2669.57,614962,164168327945000.0,34791,381362,62.01,-,0,0.353
65,HEROMOTOCO,2021-11-01,EQ,2657.1,2675.0,2692.8,2642.0,2685.0,2680.7,2672.96,502481,134310929620000.0,32742,320890,63.86000000000001,-,0,0.353
36,POWERGRID,2021-10-29,EQ,185.9,186.9,188.65,181.3,185.7,185.05,186.08,9741027,181261007085000.0,77538,5430023,55.74,-,0,0.352
37,POWERGRID,2021-11-01,EQ,185.05,184.6,188.5,184.55,188.25,187.75,186.8,4106365,76705360785000.0,82929,2488957,60.61,-,0,0.352
52,IOC,2021-10-29,EQ,128.65,128.0,130.0,126.45,128.0,127.95,128.38,8408925,107954800505000.0,49866,2855776,33.96,-,0,0.348
53,IOC,2021-11-01,EQ,127.95,132.1,132.85,126.6,131.5,131.65,129.46,17879133,231464968730000.03,92592,4858891,27.18,-,0,0.348
16,ULTRACEMCO,2021-10-29,EQ,7446.65,7465.0,7690.0,7343.0,7647.0,7636.05,7591.97,659277,500521353575000.0,73416,339646,51.52,-,0,0.347
17,ULTRACEMCO,2021-11-01,EQ,7636.05,7670.0,7811.0,7647.65,7770.0,7775.1,7756.74,469658,364301665840000.0,54889,258405,55.02,-,0,0.347
96,ASIANPAINT,2021-10-29,EQ,3116.3,3125.0,3144.7,3083.3,3108.0,3100.1,3109.04,1118903,347871973415000.0,82379,479818,42.88,-,0,0.346
97,ASIANPAINT,2021-11-01,EQ,3100.1,3128.0,3142.25,3091.65,3117.9,3121.8,3120.08,750393,234128976165000.0,79031,296727,39.54,-,0,0.346
78,DIVISLAB,2021-10-29,EQ,5121.15,5114.4,5248.35,5085.3,5168.0,5150.15,5178.83,442907,229373800625000.0,42318,187647,42.37,-,0,0.344
79,DIVISLAB,2021-11-01,EQ,5150.15,5175.6,5285.05,5151.0,5225.0,5228.2,5220.93,307144,160357701890000.0,49034,136712,44.51,-,0,0.344
48,LT,2021-10-29,EQ,1814.25,1822.0,1824.9,1735.8,1776.0,1766.65,1789.45,3984689,713039911725000.0,173643,1899512,47.67,-,0,0.343
49,LT,2021-11-01,EQ,1766.65,1776.0,1805.0,1751.2,1799.95,1795.35,1779.09,2316925,412201197285000.0,131885,1228502,53.02,-,0,0.343
82,CIPLA,2021-10-29,EQ,891.75,893.0,917.0,885.25,910.0,905.05,903.48,2783659,251498049615000.0,87913,1093981,39.3,-,0,0.337
83,CIPLA,2021-11-01,EQ,905.05,917.0,918.55,902.2,908.9,909.25,909.47,986133,89686317240000.0,55715,350163,35.51,-,0,0.337
76,DRREDDY,2021-10-29,EQ,4569.95,4593.0,4917.85,4526.05,4635.8,4659.2,4755.32,1945164,924986925515000.0,199963,417789,21.48,-,0,0.331
77,DRREDDY,2021-11-01,EQ,4659.2,4685.0,4834.95,4629.05,4805.0,4801.45,4772.65,676701,322965924635000.0,77657,221148,32.68,-,0,0.331
68,HDFCBANK,2021-10-29,EQ,1593.6,1590.0,1602.0,1560.0,1587.9,1582.85,1584.16,6203437,982721712680000.0,187391,3509518,56.57,-,0,0.326
69,HDFCBANK,2021-11-01,EQ,1582.85,1585.0,1611.0,1583.55,1609.0,1605.3,1594.91,4061160,647716835150000.0,154509,2186450,53.84000000000001,-,0,0.326
92,BAJAJ-AUTO,2021-10-29,EQ,3700.7,3720.0,3754.85,3665.0,3714.9,3707.25,3714.51,316325,117499102425000.0,32732,110076,34.8,-,0,0.326
93,BAJAJ-AUTO,2021-11-01,EQ,3707.25,3721.8,3750.0,3681.6,3726.1,3726.15,3713.33,228051,84682910910000.0,23309,77475,33.97,-,0,0.326
54,INFY,2021-10-29,EQ,1703.9,1699.0,1712.6,1661.05,1671.0,1667.75,1687.51,5875091,991425907290000.0,212408,3201958,54.50000000000001,-,0,0.323
55,INFY,2021-11-01,EQ,1667.75,1677.5,1707.2,1676.0,1701.35,1700.05,1695.58,3636806,616648383570000.0,156714,2022059,55.60000000000001,-,0,0.323
84,BRITANNIA,2021-10-29,EQ,3681.9,3681.0,3708.95,3641.05,3670.0,3675.75,3668.92,283538,104027687975000.0,25757,153017,53.97,-,0,0.302
85,BRITANNIA,2021-11-01,EQ,3675.75,3694.0,3700.0,3651.1,3680.0,3678.15,3673.33,139766,51340641335000.0,18906,66759,47.76,-,0,0.302
22,TCS,2021-10-29,EQ,3421.65,3400.05,3461.0,3385.95,3404.0,3397.75,3424.21,3960501,1356160156760000.0,241935,2238879,56.53,-,0,0.298
23,TCS,2021-11-01,EQ,3397.75,3437.95,3487.0,3412.95,3482.35,3476.4,3445.74,2020718,696287168890000.0,154841,1166862,57.74,-,0,0.298
42,NESTLEIND,2021-10-29,EQ,18991.4,19000.0,19200.0,18758.15,18965.0,19000.15,18938.88,49275,93321315530000.0,16009,21781,44.2,-,0,0.287
43,NESTLEIND,2021-11-01,EQ,19000.15,19098.9,19098.9,18735.95,18917.0,18939.6,18912.43,42571,80512125440000.0,17673,15944,37.45,-,0,0.287
60,HINDUNILVR,2021-10-29,EQ,2389.65,2400.0,2402.0,2373.0,2389.0,2393.15,2386.38,2453400,585474349400000.0,113904,1804047,73.53,-,0,0.287
61,HINDUNILVR,2021-11-01,EQ,2393.15,2393.0,2410.9,2368.25,2410.9,2407.1,2383.62,1941114,462688522610000.06,141705,1414254,72.86,-,0,0.287
